,news_url,title,text,source_name,date,topics,sentiment,tickers,rank_score
0,https://cointelegraph.com/news/gosats-launches-bitcoin-cashback-rewards-card-in-india,GoSats launches Bitcoin cashback rewards card in India,Users will be able to earn yield paid in BTC on all the rewards they've accumulated through the app.,Cointelegraph,2021-08-15 17:00:00+00:00,[],Positive,['BTC'],6.22
1,https://ambcrypto.com/canada-has-embraced-bitcoin-but-have-the-people/,The story of Bitcoin adoption in Canada seems strange,"Canada has been one of the pioneering countries to approve cryptocurrency exchange-traded funds [ETFs]. However, a recent survey indicated that despite the lenient guidelines for investors, the people were not convinced about the safety of their investment.",AMBCrypto,2021-08-13 08:00:10+00:00,[],Neutral,['BTC'],6.01
2,https://cointelegraph.com/news/buying-bitcoin-is-like-entering-a-minefield-bank-of-russia-exec-says,"Buying Bitcoin is like entering a minefield, Bank of Russia exec says",The Bank of Russia expressed concerns over the increasing number of local investors pouring their money into Bitcoin.,Cointelegraph,2021-08-12 10:12:20+00:00,[],Positive,['BTC'],6.22
3,https://bitcoinmagazine.com/markets/federal-reserve-tapers-china-bitcoin,"How Taper Talk, Repos, China And U.S. Legislation Are Impacting The Bitcoin Market","Discussing how potential tapering by the Federal Reserve, economics in China, U.S. legislation and more through a Bitcoin lens.",Bitcoin Magazine,2021-08-12 00:00:00+00:00,[],Neutral,['BTC'],5.62
4,https://www.theblockcrypto.com/post/113861/american-public-bitcoin-miner-btc-july-china,These five North American firms mined 58% more bitcoin in July thanks to China,"Five North American bitcoin mining firms have churned out a total of 1,802 bitcoin in July – on average 58% more than what they did in June. The post These five North American firms mined 58% more bitcoin in July thanks to China appeared first on The Block.",The Block,2021-08-11 01:53:26+00:00,[],Neutral,['BTC'],6.1
5,https://www.newsbtc.com/news/bitcoin/the-new-china-model-banned-bitcoin-mining/,Could The New “China Model” Be The Reason The Country Banned Bitcoin Mining?,What is the new “China Model”? And why would that country ban an industry that made them the ultimate leaders in the most important development in recent times?,NewsBTC,2021-08-11 02:02:05+00:00,[],Negative,['BTC'],5.86
6,https://www.cryptodaily.co.uk/2021/08/1-million-bitcoin-mining-machines-China-Alberta,1 million bitcoin mining machines on the way from China to Alberta,"In a deal being struck by Black Rock Petroleum Company, up to 1 million bitcoin mining machines will be relocated to three natural gas-producing sites in Alberta.  After the Chinese purge of bitcoin mining from the country, a huge amount of mining machinery has come up for grabs to countries where cryptocurrency mining is still encouraged.",Crypto Daily,2021-08-10 13:12:36+00:00,['mining'],Neutral,['BTC'],5.36
7,https://thecurrencyanalytics.com/bitcoin/bitcoin-btc-bullish-crypto-community-senses-america-is-great-again-31997.php,Bitcoin (BTC) Bullish Crypto Community Senses America is Great Again,"Catch up on the latest crypto market news at The Currency Analytics. I'm pleased to announce that Senators Warner, Toomey, Sinema, Lummis & I have reached an agreement on an amendment to… The post Bitcoin (BTC) Bullish Crypto Community Senses America is Great Again appeared first on Cryptocurrency News.",The Currency Analytics,2021-08-10 21:00:46+00:00,[],Positive,['BTC'],4.93
8,https://thecurrencyanalytics.com/bitcoin/china-and-us-governments-will-only-strengthen-bitcoin-btc-it-in-the-end-31930.php,China and US Governments Will Only Strengthen Bitcoin (BTC) It in the End,Catch up on the latest crypto market news at The Currency Analytics. Decentralized investment will ultimately be regulated.,The Currency Analytics,2021-08-09 09:00:38+00:00,[],Positive,['BTC'],4.93
9,https://cointelegraph.com/news/xiaomi-retailer-in-portugal-now-accepts-bitcoin-payments,Xiaomi retailer in Portugal now accepts Bitcoin payments,The official Portuguese shop of Chinese electronics giant Xiaomi has partnered with Utrust to unlock payments in five cryptocurrencies.,Cointelegraph,2021-08-06 07:43:14+00:00,[],Positive,['BTC'],6.67
10,https://cointelegraph.com/news/bitcoin-mining-ban-in-china-a-game-changer-for-electric-vehicle-adoption,Bitcoin mining ban in China a 'game changer' for electric vehicle adoption,"Guizhou province is the first in China to announce an ambitious electric vehicle campaign, taking advantage of the power capacity freed up by Beijing's Bitcoin mining ban.",Cointelegraph,2021-08-06 09:42:05+00:00,['mining'],Neutral,['BTC'],6.17
11,https://coingape.com/chinese-brand-xiaomi-steers-clear-of-portugal-mi-store-bitcoin-payment-ad/,Chinese Brand Xiaomi Steers Clear of Portugal MI Store Bitcoin Payment Ad,China's leading smartphone manufacturer Xiaomi has announced that the recent advertisement for Bitcoin and crypto payment made by the Portugese MI store has no connection with the company's operation. A Facebook advertisement posted by the MI store indicated that it would accept payments in Bitcoin and a few other cryptocurrencies.,Coingape,2021-08-06 10:36:38+00:00,[],Neutral,['BTC'],5.74
12,https://coinfomania.com/xiaomi-inc-denies-bitcoin-involvement/,Mi Store Portugal Now Accepts Bitcoin Although Xiaomi Inc. Knows Nothing ABout It,"The official retail store for Chinese multinational electronics company, Xiaomi, Mi Store Portugal revealed that it will start accepting crypto payments. According to a recent report, Mi Store Portugal disclosed that customers can now purchase all Xiaomi products with five different cryptocurrencies.",Coinfomania,2021-08-06 11:26:25+00:00,[],Neutral,['BTC'],5.68
13,https://www.dcforecasts.com/bitcoin-news/xiaomi-shops-in-portugal-start-accepting-bitcoin-payments/,Xiaomi Shops In Portugal Start Accepting Bitcoin Payments,Electronics giant's Xiaomi shops in Portugal will start accepting Bitcoin payments after partnering with Utrust to unlock this new feature in five cryptocurrencies as we can see more in our latest Bitcoin news. Chinese electronics manufacturer Xiaomi is the latest company to get involved in the crypto industry as its Xiaomi shops in Portugal will […],DCForecasts,2021-08-06 15:24:11+00:00,[],Positive,['BTC'],5.35
14,https://www.dcforecasts.com/bitcoin-news/bakkt-is-bringing-btc-payments-to-stores-across-the-united-states/,Bakkt Is Bringing BTC Payments To Stores Across The United States,Bakkt is bringing BTC payments to stores across the United States under a new partnership with restaurant quick-service Quiznos as we are reading more in our latest BTC news. Digital asset marketplace Bakkt is bringing btc payments as it announced in a new partnership with the restaurant chain Quiznos to launch the first physical location […],DCForecasts,2021-08-06 15:31:51+00:00,[],Positive,['BTC'],4.9
15,https://www.forbes.com/sites/siladityaray/2021/08/05/paris-based-fund-manager-first-to-get-eu-regulatory-green-light-for-bitcoin-pegged-etf/,Paris-Based Fund Manager First To Get EU Regulatory Green Light For Bitcoin-Pegged ETF,Melanion Capital's fund will invest in stocks that intend to have up to a 90% correlation with the price of Bitcoin.,Forbes,2021-08-05 10:56:10+00:00,['regulations'],Positive,['BTC'],6.74
16,https://u.today/xiaomi-starts-accepting-bitcoin-ethereum-and-other-cryptocurrencies-in-portugal,"Xiaomi Starts Accepting Bitcoin, Ethereum and Other Cryptocurrencies in Portugal",Xiaomi's Portuguese branch has started accepting cryptocurrency payments,UToday,2021-08-05 16:11:00+00:00,[],Positive,"['BTC', 'ETH']",6.73
17,https://ambcrypto.com/paris-based-fund-manager-gets-green-light-for-eu-regulated-bitcoin-etf/,Paris-based fund manager gets green light for EU-regulated Bitcoin ETF,"The European Union has approved a French fund manager's filing for an exchange-traded fund [ETF] which will track Bitcoin‘s price closely. This will make Melanion Capital among the first companies to offer the world's largest cryptocurrency through mutual funds in Europe, as per reports.",AMBCrypto,2021-08-05 17:30:21+00:00,[],Positive,['BTC'],6.46
18,https://coingape.com/france-based-melanion-capital-secures-regulatory-approval-for-an-etf-tracking-bitcoin-btc/,France-based Melanion Capital Secures Regulatory Approval for An ETF Tracking Bitcoin (BTC),"The latest report shows that France-based fund manager Melanion Capital has received a regulatory go-ahead for an exchange-traded fund that seeks to track the price of Bitcoin (BTC) while satisfying the laws in Europe. In the information provided to Financial Times, Melanion Capital noted that the fund is 90% correlated to Bitcoin.",Coingape,2021-08-05 08:44:08+00:00,['regulations'],Positive,['BTC'],5.96
19,https://en.cryptonomist.ch/2021/08/05/a-bitcoin-etf-approved-in-europe/,A Bitcoin ETF approved in Europe,It will be a fund that replicates the prices of a basket of equities linked to the price of BTC,The Cryptonomist,2021-08-05 10:58:15+00:00,[],Positive,['BTC'],5.83
20,https://en.cryptonomist.ch/2021/08/05/india-olympic-winners-also-awarded-with-bitcoin/,India: Olympic winners also awarded with bitcoin,"This is not a state initiative, but a promotion of a crypto exchange",The Cryptonomist,2021-08-05 14:39:30+00:00,[],Positive,['BTC'],5.38
21,https://coinidol.com/bank-of-america-endorses-buekele/,El Salvador Feels More Confident about Bitcoin as Bank of America Endorses President Buekele's Policy,"Although President Nayib Bukele was confident about his country's decision to recognize Bitcoin as legal tender, he was nearly brought down by widespread institutional criticism from agencies such as the International Monetary Fund (IMF), the World Bank and others. However, the recent endorsement from Bank of America gives Bukele renewed vigor and enthusiasm to continue pursuing the Bitcoin dream.",Coin Idol,2021-08-05 12:12:00+00:00,[],Positive,['BTC'],5.02
22,https://u.today/first-eu-regulated-etf-that-tracks-bitcoin-price-to-launch-in-france,First EU-Regulated ETF That Tracks Bitcoin Price to Launch in France,Melanion Capital will launch an exchange-traded fund that closely tracks the price of Bitcoin with a basket of stocks,UToday,2021-08-04 17:39:00+00:00,[],Neutral,['BTC'],5.83
23,https://coinfomania.com/melanion-capital-bitcoin-fund/,Paris-based Fund Manager to Launch Fund With Up to 90% Bitcoin Price Exposure,"French asset manager Melanion Capital is set to launch an EU-regulated fund that closely tracks the price of bitcoin, according to a Financial Times report on Wednesday. If successful, this will be the first time that investors in the region will be able to get exposure to Bitcoin through a mutual-fund investment vehicle.",Coinfomania,2021-08-04 22:28:08+00:00,[],Positive,['BTC'],5.23
24,https://www.youtube.com/watch?v=gLE9dgfBWwk,"Chinese bitcoin miners are look to the West amid China crackdown, plus a look at US regulators",#bitcoinmining #Chinamining #bitcoinChina Chinese mining firms are looking to the United States amid the China crackdown on crypto. CoinDesk Global Macro Editor Emily Parker joins Yahoo Finance's Zack Guzman and Akiko Fujita to discuss.,Yahoo Finance,2021-08-03 16:57:20+00:00,"['mining', 'regulations']",Negative,['BTC'],6.61
25,https://www.theblockcrypto.com/linked/113424/bakkt-quiznos-bitcoin-test-denver,Bakkt partners with Quiznos to pilot bitcoin payments in Denver,"Select restaurants of Quiznos will test accepting bitcoin in certain locations in Denver, Colorado beginning in mid-August. The post Bakkt partners with Quiznos to pilot bitcoin payments in Denver appeared first on The Block.",The Block,2021-08-03 18:15:23+00:00,[],Positive,['BTC'],6.55
26,https://dailyhodl.com/2021/08/03/here-are-the-four-upsides-to-el-salvadors-bitcoin-adoption-according-to-bank-of-america/,"Here Are the Four Upsides to El Salvador's Bitcoin Adoption, According to Bank of America","Bank of America (BofA), one of the largest banks in the US, believes El Salvador has a lot to gain from its decision to adopt Bitcoin. In a report shared by El Salvador's President Nayib Bukele to a state-owned publication, BofA highlights the four key upsides to the country's Bitcoin adoption.  The bank says that remittances […] The post Here Are the Four Upsides to El Salvador's Bitcoin Adoption, According to Bank of America appeared first on The Daily Hodl.",The Daily Hodl,2021-08-03 17:30:58+00:00,[],Positive,['BTC'],6.49
27,https://www.youtube.com/watch?v=n2CHF3EP2ZU,There's more bitcoin up for grabs' amid China crackdown: Riot Blockchain CEO,#bitcoin #bitcoinmining #Chinabitcoinminingcrackdown Chinese bitcoin miners are heading to Texas. Riot Blockchain CEO Jason Les joins Yahoo Finance's Zack Guzman and Akiko Fujita to discuss.,Yahoo Finance,2021-08-03 17:05:34+00:00,[],Neutral,['BTC'],6.34
28,https://www.thecryptoupdates.com/russia-is-gearing-up-for-bitcoin/,Russia Is Gearing Up For Bitcoin,"Russia, a nation actually wrestling with different parts of managing digital currencies might be mellowing its position on the resource class, as ongoing occasions demonstrate....",TCU,2021-08-03 18:44:01+00:00,[],Positive,['BTC'],5.5
29,https://u.today/india-still-considering-banning-bitcoin-and-other-private-cryptocurrencies,India Still Considering Banning Bitcoin and Other Private Cryptocurrencies,India's cryptocurrency ban is still up in the air,UToday,2021-08-02 14:31:00+00:00,[],Negative,['BTC'],8.08
30,https://news.bitcoin.com/bank-of-america-benefits-adopting-bitcoin-legal-tender-el-salvador/,Bank of America Sees Benefits in Adopting Bitcoin as Legal Tender in El Salvador,"Bank of America has outlined some benefits to be had from adopting bitcoin as legal tender in El Salvador. The opportunities include low-cost remittances, financial digitization, more choices, and greater investments from foreign companies. Bank of America Highlights Opportunities Bitcoin Brings to El Salvador as Legal Tender Bank of America (BOA) outlined some potential benefits […]",Bitcoin,2021-08-03 02:30:33+00:00,[],Positive,['BTC'],6.58
31,https://beincrypto.com/bank-america-el-salvador-bitcoin-adoption/,Bank of America Report Sees Upsides to El Salvador Bitcoin Adoption,A report from the Bank of America lists some potential benefits for El Salvador as it works to implement bitcoin into its economy. The post Bank of America Report Sees Upsides to El Salvador Bitcoin Adoption appeared first on BeInCrypto.,BeInCrypto,2021-08-02 07:45:06+00:00,[],Positive,['BTC'],6.43
32,https://cryptoslate.com/el-salvadors-bitcoin-bill-has-5-key-benefits-says-bank-of-america/,"El Salvador's Bitcoin bill has 5 key benefits, says Bank of America","US financial services player Bank of America, one of the world's largest banks, has come out in support of El Salvador's Bitcoin bill in a note to clients last week. The post El Salvador's Bitcoin bill has 5 key benefits, says Bank of America appeared first on CryptoSlate.",CryptoSlate,2021-08-03 01:01:13+00:00,[],Positive,['BTC'],6.34
33,https://bitcoinist.com/bank-of-america-sees-four-upsides/?utm_source=rss&utm_medium=rss&utm_campaign=bank-of-america-sees-four-upsides,Bank Of America Sees Four Upsides In El Salvador's Bitcoin Adoption,"Bank Of America has said that it sees how El Salvador's adoption of Bitcoin could help the Island country. President Bukele Agrees With Bank Of America President Nayib Bukele of El Salvador, a Central American country, tweeted yesterday screenshots of a Bank of America economic outlook report (BofA).",Bitcoinist,2021-08-02 19:58:36+00:00,[],Positive,['BTC'],6.1
34,https://bitcoinmagazine.com/business/bank-of-america-report-el-salvador-btc,Bank Of America Sees Opportunities With El Salvador's Bitcoin Adoption,"BofA sees four upsides to Bitcoin adoption in El Salvador, including remittances, financial digitalization, and foreign investments.",Bitcoin Magazine,2021-08-02 16:01:04+00:00,[],Positive,['BTC'],6.07
35,https://en.cryptonomist.ch/2021/08/02/el-salvador-bitcoin-advantages-bank-of-america/,El Salvador: bitcoin's advantages according to Bank of America,The decision to make BTC legal tender in the country is also having consequences outside the country itself,The Cryptonomist,2021-08-02 09:17:50+00:00,[],Positive,['BTC'],5.83
36,https://thecurrencyanalytics.com/bitcoin/why-are-bitcoin-btc-fans-looking-at-el-salvador-and-bank-of-america-statements-31605.php,Why are Bitcoin (BTC) Fans looking at El Salvador and Bank of America Statements?,"Catch up on the latest crypto market news at The Currency Analytics. Nayib Bukele pointed to the Bank of America statement, “We recently revised up our GDP growth forecasts for 2021, to… The post Why are Bitcoin (BTC) Fans looking at El Salvador and Bank of America Statements?",The Currency Analytics,2021-08-02 13:00:29+00:00,[],Positive,['BTC'],5.38
37,https://thecurrencyanalytics.com/bitcoin/bitcoin-in-japan-is-legal-btc-inheritance-to-legal-heirs-is-complex-due-to-its-anonymous-nature-31616.php,Bitcoin in Japan Is Legal BTC Inheritance to Legal heirs is Complex Due to Its Anonymous Nature,Catch up on the latest crypto market news at The Currency Analytics. Cryptocurrencies are legal in Japan.,The Currency Analytics,2021-08-02 18:30:42+00:00,[],Neutral,['BTC'],4.93
38,https://thecurrencyanalytics.com/bitcoin/china-has-forever-been-a-spicy-and-soupy-participant-in-the-bitcoin-btc-space-31625.php,China Has Forever Been a Spicy and Soupy Participant in the Bitcoin (BTC) Space,Catch up on the latest crypto market news at The Currency Analytics. China has banned banks from using bitcoin and banished so-called crypto ‘miners' from the country.,The Currency Analytics,2021-08-02 22:00:38+00:00,[],Neutral,['BTC'],4.93
39,https://cointelegraph.com/news/paypal-reportedly-assembling-crypto-team-in-ireland-as-bitcoin-adoption-grows,PayPal reportedly assembling crypto team in Ireland as Bitcoin adoption grows,The new hires will help PayPal expand its crypto-focused business offering at a time of rapid adoption of Bitcoin and Ether.,Cointelegraph,2021-08-01 16:13:34+00:00,[],Positive,['BTC'],6.67
40,https://cointelegraph.com/news/bank-of-america-outlines-4-potential-benefits-of-el-salvador-s-bitcoin-strategy,Bank of America outlines 4 potential benefits of El Salvador's Bitcoin strategy,"“More than 70% of the adult population of El Salvador does not have a bank account,” reads the latest Global Research report from Bank of America. “For that reason, democratizing access to electronic payments, through Bitcoin, has a progressive touch.",Cointelegraph,2021-08-01 19:24:22+00:00,[],Positive,['BTC'],6.67
41,https://u.today/bank-of-america-outlines-key-benefits-of-bitcoin-adoption-in-el-salvador,Bank of America Outlines Key Benefits of Bitcoin Adoption in El Salvador,America's second-largest bank sees a slew of advantages in El Salvador's move to adopt Bitcoin,UToday,2021-08-01 18:38:00+00:00,[],Positive,['BTC'],6.28
42,https://beincrypto.com/finland-seeking-brokers-to-assist-in-sale-of-82m-worth-of-seized-btc/,Finland Seeking Brokers to Assist in Sale of $82M Worth of Seized BTC ,Finland is currently looking for cryptocurrency brokers to assist in the sale of bitcoin used in criminal activities. The post Finland Seeking Brokers to Assist in Sale of $82M Worth of Seized BTC  appeared first on BeInCrypto.,BeInCrypto,2021-07-31 14:19:03+00:00,[],Neutral,['BTC'],5.98
43,https://bitcoinmagazine.com/business/warren-davidson-cryptocurrency-infrastructure-tax-bill,Congressman Warren Davidson On How The Last-Minute Bitcoin Tax Bill Is Bad For America,Congressman Warren Davidson explained how the cryptocurrency tax addition to the Senate infrastructure bill is bad for the U.S.,Bitcoin Magazine,2021-07-30 17:16:04+00:00,"['taxes', 'regulations']",Negative,['BTC'],5.89
44,https://coingape.com/bitcoin-price-prediction-btc-bullish-outlook-steadies-above-40000-as-paypal-launches-crypto-exchange-in-the-uk/,"Bitcoin Price Prediction: BTC Bullish Outlook Steadies Above $40,000 As PayPal Launches Crypto Exchange In The UK","A daily close above $40,000 could see Bitcoin nurture a key uptrend to $50,000. PayPal to debut a crypto exchange platform in the UK as the market turns green.",Coingape,2021-07-30 04:19:50+00:00,[],Positive,['BTC'],5.74
45,https://bitcoinmagazine.com/culture/why-i-should-spend-retirement-on-bitcoin,Why The $35 Trillion In United States Retirement Accounts Should Be Spent On Bitcoin,American retirement savings represent a new beachhead for bitcoin — we just need to make sure people hold their own keys.,Bitcoin Magazine,2021-07-30 19:10:50+00:00,[],Positive,['BTC'],5.62
46,https://bitcoinmagazine.com/business/bitcoin-mining-paraguay-renewable-energy,Bitcoin Miners Consider Paraguay In Wake of China Ban,"As many as eight China-based Bitcoin mining firms are said to be looking to relocate operations to Paraguay, home to abundant hydroelectric energy.",Bitcoin Magazine,2021-07-30 12:04:11+00:00,['mining'],Positive,['BTC'],5.57
47,https://news.bitcoin.com/finland-looking-for-brokers-sell-seized-bitcoin-80-million/,Finland Looking for Brokers to Sell Seized Bitcoins Worth $80 Million,"Finland's customs authority is looking for brokers to sell 1,981 bitcoins seized in drug cases. The coins are currently worth nearly $80 million. Finland's customs authority announced Thursday that it is seeking brokers to sell 1,981 bitcoins seized in drug busts, Bloomberg reported, noting that the coins were forfeited to the state by court order. […]",Bitcoin,2021-07-30 18:30:32+00:00,['bitcoin'],Neutral,['BTC'],5.43
48,https://www.thecryptoupdates.com/bitcoin-is-slumping-the-news-out-of-europe-is-blended-and-congress-is-surrounding/,Bitcoin Is Slumping-The News Out Of Europe Is Blended And Congress Is Surrounding.,"Bitcoin was exchanging lower on Friday, finishing the week around $39,000. Its 2% droop as of now might mirror some benefit taking—following a new 35%...",TCU,2021-07-30 17:52:25+00:00,[],Negative,['BTC'],5.05
49,https://www.trustnodes.com/2021/07/30/bitcoin-banning-china-starts-falling-out-of-favor-crypto-booming-india-brought-in,"Bitcoin Banning China Starts Falling Out of Favor, Crypto Booming India Brought In","China is going through one of its toughest month in years where international markets are concerned with the Chinese Communist Party (CCP) uneasy about what risks becoming an exodus, and.",Trustnodes,2021-07-30 15:13:15+00:00,['paywall'],Positive,['BTC'],4.17
50,https://www.newsbtc.com/news/ethereum/uk-police-seize-ethereum/,UK Police Seize Ethereum Worth $9.5 Million Found On USB Stick,"Ethereum is the second-largest cryptocurrency after Bitcoin. Although the majority of crypto transactions are legitimate, many are also fraudulent.",NewsBTC,2021-08-15 18:00:09+00:00,[],Negative,['ETH'],5.86
51,https://www.financemagnates.com/cryptocurrency/news/uk-authorities-seize-9-5-million-worth-of-ethereum-found-in-usb-sticks/,UK Authorities Seize $9.5 Million Worth of Ethereum Found in USB Sticks,"Cryptos seized are related to a scam whose victims are located in the UK, Europe, China, the US, Hong Kong, and Australia.",FinanceMagnates,2021-08-12 22:45:07+00:00,[],Negative,['ETH'],5.77
53,https://www.benzinga.com/markets/cryptocurrency/21/08/22354662/ethereum-overtakes-paypal-bank-of-america-nike-and-pfizer-in-market-cap-as-proponents-set-,"Ethereum Overtakes PayPal, Bank Of America, Nike, And Pfizer In Market Cap As Proponents Set Their Eyes On Bitcoin","Ethereum (CRYPTO: ETH) continues its astronomical rise as favorable fundamentals motivate buyers to pile up and drive demand for the coin, overtaking major publicly traded firms as proponents talk about it potentially overtaking top cryptocurrency Bitcoin (CRYPTO: BTC).",Benzinga,2021-08-05 20:28:26+00:00,[],Positive,['ETH'],6.25
54,https://ambcrypto.com/ethereum-china-and-how-they-played-a-part-in-tethers-flattened-supply/,"Ethereum, China, and how they played a part in Tether's flattened supply","Every sector within the digital asset industry saw significant growth in 2021. This included developments in DeFi, Bitcoin‘s new ATH levels, and the growth of pre-existing projects such as Cardano and Binance Coin.",AMBCrypto,2021-08-04 13:30:27+00:00,['stablecoins'],Neutral,"['ETH', 'USDT']",3.56
55,https://www.coindesk.com/usdt-usage-on-ethereum-shifts-later-in-the-day,USDT Usage on Ethereum Shifts Away From Asia Daytime Hours,The changing trading patterns in USDT might be the result of China's recent crackdown on cryptocurrency mining and trading.,Coindesk,2021-08-03 18:49:13+00:00,[],Neutral,['ETH'],6.28
56,https://www.benzinga.com/markets/cryptocurrency/21/07/22190225/ethereum-co-founder-donated-1b-shiba-inu-to-aid-india-in-covid-19-battle-money-reaching-th,Ethereum Co-Founder Donated $1B Shiba Inu To Aid India In COVID-19 Battle — Money Reaching The People Is A Lot Less,"Ethereum (CRYPTO: ETH) co-founder Vitalik Buterin's donation of $1 billion in Shiba Inu (CRYPTO: SHIB) coins to an India Covid-19 relief fund about two months ago has been slow in reaching the people due to several issues, Bloomberg",Benzinga,2021-07-28 09:52:38+00:00,[],Neutral,"['ETH', 'SHIB']",4.45
57,https://cointelegraph.com/news/india-to-use-ethereum-blockchain-to-verify-diploma-certificates,India to use Ethereum blockchain to verify diploma certificates,A new partnership with LegitDoc places India among early adopters to implement an e-governance system for higher education.,Cointelegraph,2021-07-27 07:51:02+00:00,[],Neutral,['ETH'],6.22
58,https://www.cryptopolitan.com/diploma-certificate-verification-in-india/,Diploma certificate verification in India to be done using Ethereum blockchain,TL;DR Breakdown The diploma certification verification in India to be done using Ethereum blockchain technology. A recent partnership was announced by LegitDoc with the Maharashtra Government.,Cryptopolitan,2021-07-27 18:01:00+00:00,[],Neutral,['ETH'],5.53
59,https://decrypt.co/76807/not-a-lambo-in-sight-3-days-in-paris-with-ethereums-nouveau-riche,Not a Lambo In Sight: 3 Days in Paris with Ethereum's Nouveau Riche,The first in-person Ethereum event since the pandemic was a low-key but upbeat affair in Paris last week. But EthCC was as far away from Bitcoin Miami as you could get.,Decrypt,2021-07-24 15:39:38+00:00,[],Neutral,['ETH'],6.16
60,https://decrypt.co/76545/vitalik-buterin-beseeches-ethcc-ethereum-crowd-move-beyond-defi,Vitalik Buterin Beseeches Ethereum Crowd in Paris to 'Move Beyond DeFi',The founder of Ethereum has high hopes for the network's uses for social good that go way beyond the fast financial gains of DeFi investing.,Decrypt,2021-07-22 00:50:23+00:00,[],Positive,['ETH'],6.61
61,https://dailyhodl.com/2021/07/15/brazil-green-lights-first-ethereum-etf-in-latin-america/,Brazil Green Lights First Ethereum ETF in Latin America,"The Brazilian Securities Commission (CVM) just approved an exchange-traded fund (ETF) that tracks the performance of Ethereum (ETH). Blockchain investment firm QR Capital, the holding company of QR Asset Management, says the Ethereum ETF will be traded on the country's stock exchange, B3, with the ticker QETH11. QETH11 is the first ETF exchange-traded fund to be […] The post Brazil Green Lights First Ethereum ETF in Latin America appeared first on The Daily Hodl.",The Daily Hodl,2021-07-15 20:00:50+00:00,[],Positive,['ETH'],6.49
62,https://www.benzinga.com/markets/cryptocurrency/21/07/21974228/brazilian-securities-regulator-approves-first-ethereum-etf-to-trade-in-latin-america,Brazilian Securities Regulator Approves First Ethereum ETF To Trade In Latin America,An Ethereum (CRYPTO: ETH) exchange-traded fund (ETF) has been approved by the Brazilian Securities Commission (CVM) to trade on the B3 stock exchange.,Benzinga,2021-07-14 23:30:38+00:00,['regulations'],Positive,['ETH'],6.92
63,https://cryptopotato.com/brazils-sec-approves-first-ethereum-etf-in-latin-america/,Brazil's SEC Approves First Ethereum ETF in Latin America,The Brazilian Securities Commission (CVM) has approved the first exchange-traded fund tracking the performance of Ethereum (ETH) in Latin America.,CryptoPotato,2021-07-14 07:17:26+00:00,['regulations'],Neutral,['ETH'],6.47
64,https://www.financemagnates.com/cryptocurrency/news/brazil-approves-the-first-ether-etf-listed-in-latin-america/,Brazil Approves the First Ether ETF Listed in Latin America,"The new fund will be trading under the ticker ""QETH11"" in the B3 stock exchange.",FinanceMagnates,2021-07-14 18:07:38+00:00,[],Positive,['ETH'],6.22
65,https://cointelegraph.com/news/ethereum-s-london-berlin-and-shanghai-forks-and-their-role-in-serenity,"Ethereum's London, Berlin and Shanghai forks and their role in Serenity",Ethereum network is taking a big step toward a scalable PoS blockchain. Here is how the London and Berlin hard forks fit into the road to Ethereum 2.0.,Cointelegraph,2021-07-14 14:06:43+00:00,['upgrade'],Neutral,['ETH'],6.11
66,https://coinnounce.com/brazilian-securities-regulator-approves-the-first-ethereum-etf-in-latin-america/,Brazilian Securities Regulator approves the first Ethereum ETF in Latin America.,"On Tuesday, 13th July, the Brazilian Securities Regulator (CVM) approved the first-ever cryptocurrency exchange-traded fund (ETF) that tracks the performance of Ether digital currency in Latin America. The QR Asset Management announced the approval of this Ether ETF – QETH11 – which shall be listed on the Brazilian Stock Exchange B3.",Coinnounce,2021-07-14 05:27:41+00:00,['regulations'],Neutral,['ETH'],5.63
67,https://www.dcforecasts.com/ethereum-news/brazils-securities-commission-approved-first-eth-etf-in-latin-america/,Brazil's Securities Commission Approved First ETH ETF In Latin America,Brazil's Securities Commission approved the first Ethereum ETF in Latin America as we can see more in our latest ethereum news today. The Brazilian Securities Commission approved the first exchange-traded fund tracking the ETH performance in Latin America.,DCForecasts,2021-07-14 10:43:44+00:00,[],Neutral,['ETH'],5.35
68,https://www.forbes.com/sites/roberthart/2021/07/14/bitcoin-ethereum-and-cardano-among-major-cryptocurrencies-to-fall-as-china-expands-mining-crackdown/,"Bitcoin, Ethereum And Cardano Among Major Cryptocurrencies To Fall As China Expands Mining Crackdown",The Chinese province of Anhui has become the latest to ban cryptocurrency mining as Beijing steps up efforts to restrict the energy-intensive practice and achieve its climate goals.,Forbes,2021-07-14 10:43:08+00:00,['mining'],Negative,"['ADA', 'BTC', 'ETH']",4.67
69,https://coingape.com/brazilian-securities-regulator-approves-first-ethereum-eth-etf-latin-america/,Brazilian Securities Regulator Approves the First Ethereum (ETH) ETF of Latin America,"On Tuesday, July 13, the Brazilian Securities Regulator (CVM) approved the new cryptocurrency exchange-traded fund (ETF) that tracks the performance of Ether digital currency. The QR Asset Management announced the approval of this Ether ETF  – QETH11 – which shall be listed on the Brazilian Stock Exchange B3.",Coingape,2021-07-14 03:08:05+00:00,['regulations'],Positive,['ETH'],6.41
70,https://www.forbes.com/sites/billybambrough/2021/07/11/crypto-price-alert-bitcoin-and-ethereum-in-danger-after-shock-china-dump-warning/,Crypto Price Alert: Bitcoin And Ethereum ‘In Danger' After Shock China Dump Warning,"After reports former bitcoin and ethereum miners in China have been dumping GPUs, analysts have warned crypto prices are ""in danger""...",Forbes,2021-07-11 11:10:00+00:00,[],Negative,"['BTC', 'ETH']",4.72
71,https://www.financemagnates.com/cryptocurrency/news/ibc-group-decides-to-close-bitcoin-and-ethereum-mining-operations-in-china/,IBC Group Decides to Close Bitcoin and Ethereum Mining Operations in China,"The Group is planning to move its staff to different countries including Canada, UAE, the US, Iceland, and Kazakhstan.",FinanceMagnates,2021-07-05 13:52:04+00:00,['mining'],Negative,"['BTC', 'ETH']",3.92
72,https://cryptodaily.co.uk/2021/07/ibc-stops-bitcoin-and-ethereum-mining-in-china,IBC Group Wraps Up Bitcoin And Ethereum Mining In China,"Owing to the new stricter crypto regulations in China, the IBC Group has decided to pack up its mining operations in the country and move to new locations in UAE, Canada, USA, Kazakhstan, Iceland, and various South American countries. China's Crypto Crackdown Drives Out Institutional Miners The institutional crackdown on crypto-related activities in China has been chalked up to the government trying to ‘control financial risks.",Crypto Daily,2021-07-05 12:00:00+00:00,['mining'],Positive,"['BTC', 'ETH']",3.56
73,https://www.coindesk.com/tv/first-mover/first-mover-july-1-2021,"Bitcoin, Ether Analysis, Japanese Industry Leader on 'Stupid' Regulator Warnings Against Binance, State of Crypto in Japan","""First Mover"" dives into crypto markets and business news, including Ethereum's upcoming upgrade. Is it bullish or bearish for ETH?",Coindesk,2021-07-01 13:45:12+00:00,['regulations'],Neutral,"['BTC', 'ETH']",4.7
74,https://cryptopotato.com/ethereum-hashrate-drops-25-on-china-mining-exodus/,Ethereum Hashrate Drops 25% on China Mining Exodus,The Bitcoin network is not the only victim of China's ongoing mining crackdown as a substantial amount of Ethereum is also mined on the mainland.,CryptoPotato,2021-06-30 06:10:19+00:00,['mining'],Negative,['ETH'],5.75
75,https://www.coindesk.com/tv/first-mover/first-mover-june-22-2021,"Bitcoin, Ether Plummet as China Crypto Crackdown Continues, Ethereum Improvement Proposal Explained","China ramps up the pressure on crypto, telling banks to stop facilitating transactions. Cryptocurrencies fell with bitcoin dropping below $30K Tuesday morning.",Coindesk,2021-06-22 14:00:12+00:00,[],Negative,"['BTC', 'ETH']",4.48
76,https://www.forbes.com/sites/roberthart/2021/06/21/major-cryptocurrencies-including-bitcoin-ethereum-dogecoin-plummet-as-china-widens-crackdown/,"Major Cryptocurrencies—Including Bitcoin, Ethereum, Dogecoin—Plummet As China Widens Crackdown",Officials told state media they have halted 90% of the country's bitcoin mining operations.,Forbes,2021-06-21 10:57:46+00:00,[],Negative,"['BTC', 'DOGE', 'ETH']",5.17
77,https://www.coindesk.com/market-wrap-bitcoin-slides-ether-below-2k-china-reiterates-crypto-ban,"Market Wrap: Bitcoin Slides to Two-Week Low, Ether to Below $2K as China Reiterates Crypto Ban","CME's bitcoin futures goes into ""backwardation"" and BTC inflows to exchanges rise as China ""FUD"" continues.",Coindesk,2021-06-21 20:19:13+00:00,[],Negative,"['BTC', 'ETH']",4.93
78,https://www.benzinga.com/markets/cryptocurrency/21/06/21638137/you-can-now-buy-bitcoin-dogecoin-ethereum-alongside-apples-oranges-at-h-e-bs-houston-store,"You Can Now Buy Bitcoin, Dogecoin, Ethereum Alongside Apples, Oranges At H-E-B's Houston Stores","Those living in the Lone Star State will be able to buy Bitcoin (CRYPTO: BTC), Ethereum (CRYPTO: ETH), and Dogecoin (CRYPTO: DOGE) along with their apples and oranges soon.",Benzinga,2021-06-21 03:11:00+00:00,[],Positive,"['BTC', 'DOGE', 'ETH']",4.9
79,https://www.newsbtc.com/news/company/scientists-in-uk-solve-privacy-on-ethereum-using-only-smart-contracts/,Scientists in UK Solve Privacy on Ethereum Using Only Smart Contracts,"Privacy is a top concern for decentralised finance (“DeFi”) and general cryptocurrency users. The commonly held belief of anonymity formerly drove many to use currencies like Bitcoin and Ethereum, but this is quickly fading as more surveillance comes to light.",NewsBTC,2021-06-17 09:37:26+00:00,[],Neutral,['ETH'],5.86
80,https://coingape.com/cryptocurrency-uk-btc-eth-xrp/,"Cryptocurrency Holders Rises to 2.3 Million in UK; BTC, XRP, ETH Among Top Choices","Financial Conduct Authority (FCA) has confirmed an increase in the number of cryptocurrency holders in UK, arising from an increase in public interest and media coverage. Based on the findings from its recently conducted research, the FCA discovered a growing involvement of financial services players in the digital currency ecosystem, as well as increased interest The post Cryptocurrency Holders Rises to 2.3 Million in UK; BTC, XRP, ETH Among Top Choices appeared first on Coingape.",Coingape,2021-06-17 12:17:20+00:00,[],Positive,"['BTC', 'ETH', 'XRP']",3.94
81,https://cryptonews.com/news/uk-farmers-use-cow-dung-to-power-ethereum-mining-boost-reven-10680.htm,"UK Farmers Use Cow Dung to Power Ethereum Mining, Boost Revenues","With the debate on crypto mining's energy use increasingly involving renewable sources, a rising number of UK farmers are reaching for a surprising reservoir of power - cow waste, aka dung - using this traditional, multipurpose resource to generate electricity for carbon-neutral crypto mining operations, therefore to diversify and up their revenues. Currently,",Cryptonews,2021-06-14 11:15:47+00:00,[],Positive,['ETH'],5.95
82,https://news.bitcoin.com/report-filecoin-and-chia-believers-in-china-are-converting-to-ethereum-swarm-disciples/,Report: Filecoin and Chia Believers in China Are Converting to Ethereum Swarm Disciples,"There's a lot of buzz in China around the Bee mainnet soft launch following the recent hype surrounding Filecoin and Chia. Reports detail that Swarm is set to kickstart the mainnet on June 13, and droves of miners from China are getting prepared to obtain rewards from the distributed storage platform and content distribution service. […]",Bitcoin,2021-06-12 06:00:36+00:00,[],Neutral,"['ETH', 'FIL', 'XCH']",4.33
83,https://decrypt.co/73094/paris-hilton-joins-ethereum-nft-project-origin-advisor,Paris Hilton Joins Ethereum NFT Project Origin as Advisor,"Join us for the latest episode of ""Keeping Up With the Cryptocurrencies.""",Decrypt,2021-06-08 20:12:28+00:00,['NFT'],Positive,['ETH'],5.94
84,https://www.benzinga.com/markets/cryptocurrency/21/06/21464944/san-jose-sharks-becomes-first-nhl-team-to-accept-bitcoin-ethereum-dogecoin,"San Jose Sharks Becomes First NHL Team To Accept Bitcoin, Ethereum, Dogecoin","San Jose Sharks has become the first NHL team to accept cryptocurrencies such as Bitcoin (BTC), Ethereum (ETH) and Dogecoin (DOGE) for large payments.",Benzinga,2021-06-08 09:07:12+00:00,[],Positive,"['BTC', 'DOGE', 'ETH']",4.9
85,https://coinfomania.com/an-jose-sharks-to-accept-cryptocurrencies/,"San Jose Sharks to Accept Bitcoin, ETH and DOGE For Season Tickets","The California-based National Hockey League team, San Jose Sharks have announced that they will now accept cryptocurrencies as payments through the BitPay payment service. The development will take effect starting in October, when the 2021-2022 NHL season begins.",Coinfomania,2021-06-08 21:27:33+00:00,[],Positive,"['BTC', 'DOGE', 'ETH']",3.88
86,https://cryptoslate.com/crypto-bets-via-bitcoin-ethereum-xrp-are-fueling-illegal-gambling-in-asia/,"Crypto bets via Bitcoin, Ethereum, XRP are fueling illegal gambling in Asia","The acceptance of top cryptocurrencies like Bitcoin, Ethereum, and XRP on gambling sites are part of the reason why illegal online gambling is rising in Asia, a report from the Asian Racing Federation (ARF) said earlier this week. The post Crypto bets via Bitcoin, Ethereum, XRP are fueling illegal gambling in Asia appeared first on CryptoSlate.",CryptoSlate,2021-06-02 07:09:13+00:00,[],Neutral,"['BTC', 'ETH', 'XRP']",4.05
87,https://coingape.com/canada-based-purpose-ether-etf-aum-breach-50000-eth/,"Canada Based Purpose Ether ETF AUM Breach 50,000 ETH","The Canadian Purpose Group Ether ETF  has breached 50,000 ETH worth $122.7 million in AUM even when the price of the second largest cryptocurrency has registered a 50% decline from the top during the recent market correction. The Ether ETF was launched by the firm on April 20 and in just over a month it The post Canada Based Purpose Ether ETF AUM Breach 50,000 ETH appeared first on Coingape.",Coingape,2021-05-29 09:53:38+00:00,[],Neutral,['ETH'],5.68
88,https://www.coindesk.com/ethereum-foundation-says-berlin-hardfork-addressed-clear-and-present-threat,Ethereum Foundation Says Berlin Hardfork Addressed 'Clear and Present' Threat,The vulnerability was first discovered in late 2019.,Coindesk,2021-05-22 21:54:12+00:00,[],Negative,['ETH'],6.25
89,https://cryptopotato.com/bullish-on-ether-eth-not-bitcoin-uk-parliament-member-mentions-the-flippening/,"Bullish on Ether (ETH) not Bitcoin, UK Parliament Member Mentions the Flippening","Without providing his precise reasons, a UK Parliament member said he was more bullish on ether rather than bitcoin and even mentioned the ""flippening.""",CryptoPotato,2021-05-21 14:11:54+00:00,[],Positive,['ETH'],5.75
90,https://www.coindesk.com/market-wrap-china-bitcoin-eth-drops,"Market Wrap: China Breaks Crypto as Bitcoin Falls to $36K, ETH Drops $300 in Two Hours","Within two hours of the State Council statement, BTC fell 11%, based on CoinDesk 20 data.",Coindesk,2021-05-21 20:42:12+00:00,[],Negative,"['BTC', 'ETH']",4.9
91,https://www.cryptopolitan.com/uk-parliament-member-tom-supports-eth/,"ETH bullish, UK Parliament Member Mentions the Flippening",Tom Tugendhat has been in the united kingdom government for more than five years. The member of parliament has urged UK citizens to put more of their energy into financial innovations.,Cryptopolitan,2021-05-21 19:20:57+00:00,[],Positive,['ETH'],4.78
92,https://decrypt.co/71591/bank-of-canada-warning-bitcoin-ethereum,"Bank of Canada: Intrinsic Value of Bitcoin, Ethereum 'Hard to Establish'",Canada's central bank today issued a stark warning about “high-risk” assets like Bitcoin and Ethereum.,Decrypt,2021-05-20 20:23:34+00:00,[],Neutral,"['BTC', 'ETH']",4.31
93,https://cointelegraph.com/news/united-states-germany-turkey-lead-search-interest-in-ethereum,"United States, Germany, Turkey lead search interest in Ethereum","Ether search interest is higher than ever, and is attracting interest from around the globe, a new report reveals.",Cointelegraph,2021-05-18 10:57:37+00:00,[],Positive,['ETH'],6.18
94,https://www.coindesk.com/tv/first-mover/first-mover-may-10-2021,"Ether's Record-breaking Rally; the Musk Effect, What Crypto Means to Latin America",Top cryptocurrencies are a sea of green as observers ponder a new Dogecoin mystery: Why did the meme crypto suddenly crash and recover? Igor Telyatnikov of exchange software provider AlphaPoint joins our markets discussion.,Coindesk,2021-05-10 13:05:12+00:00,[],Positive,['ETH'],6.7
95,https://cointelegraph.com/news/the-great-tech-exodus-the-ethereum-blockchain-is-the-new-san-francisco,The great tech exodus: The Ethereum blockchain is the new San Francisco,The blockchain shift from Ethereum to alternate chains closely resembles the exodus of tech talent from San Francisco to emerging hubs.,Cointelegraph,2021-05-09 14:53:00+00:00,[],Neutral,['ETH'],6.18
96,https://cryptoslate.com/ethereum-breaks-3000-its-now-more-valued-than-bank-of-america/,"Ethereum breaks $3,000—it's now more valued than Bank of America","Ethereum, the world's most-used blockchain by daily transactions and the second-largest by market cap, broke the $3,000 price level in the early hours Monday, data from multiple sources shows. The post Ethereum breaks $3,000—it's now more valued than Bank of America appeared first on CryptoSlate.",CryptoSlate,2021-05-03 05:07:17+00:00,[],Positive,['ETH'],5.99
97,https://invezz.com/news/2021/05/03/another-ethereum-etf-has-been-listed-in-germany-this-time-from-wisdomtree/,"Another Ethereum ETF has been listed in Germany, this time from WisdomTree","Asset manager WisdonTreees announced the listing of Ethereum exchange-traded products (ETP) on the Swiss and German stock exchanges. The new ETP will trade with the ticker “ETHW” and will track the spot price of Ethereum (ETH). The physically-backed ETP also has an expense ratio of 0.95%, according to WisdomTree. This is coming barely a month […] The post Another Ethereum ETF has been listed in Germany, this time from WisdomTree appeared first on Invezz.",Invezz,2021-05-03 12:47:11+00:00,[],Neutral,['ETH'],4.73
98,https://cointelegraph.com/news/ethereum-hits-3-000-for-the-first-time-now-larger-than-bank-of-america,"Ethereum hits $3,000 for the first time, now larger than Bank of America",Further growth may be on the horizon for the world's largest smart contract platform.,Cointelegraph,2021-05-03 01:34:49+00:00,[],Positive,['ETH'],8.53
99,https://cryptopotato.com/wisdomtree-launches-a-physically-backed-ethereum-etp-in-europe/,WisdomTree Launches a Physically-Backed Ethereum ETP in Europe,"Two weeks after releasing a Bitcoin ETP, WisdomTree has launched an Ethereum ETP on Germany's Börse Xetra and the SIX Stock Exchange.",CryptoPotato,2021-05-02 19:25:36+00:00,[],Positive,['ETH'],4.79
100,https://www.cryptodaily.co.uk/2021/08/cardano-weekly-recap-august-10,"Cardano Last Week: Hoskinson Protests Infra Bill, ADA Reaches Japan, And Alonzo Purple Launch","The Alonzo upgrade for Team Cardano is chugging on at a steady speed, with the first fully public Cardano testnet went live this week. Let's look into what that means for the Cardano community and other mentionable incidents that happened for the fifth largest crypto this week.",Crypto Daily,2021-08-10 14:30:00+00:00,[],Positive,['ADA'],5.41
101,https://dailyhodl.com/2021/08/09/cardano-gets-approval-for-listing-on-crypto-exchanges-in-japan/,Cardano Gets Approval for Listing on Crypto Exchanges in Japan,"Crypto investors in Japan can look forward to buying and selling Cardano as the fifth-largest crypto asset gets the green light for listing on exchanges operating in the country. Sebastien Guillemot, the former executive of Cardano-founding entity EMURGO, says that getting ADA's regulatory approval is no easy feat due to Japan's “strict” rules involving the […] The post Cardano Gets Approval for Listing on Crypto Exchanges in Japan appeared first on The Daily Hodl.",The Daily Hodl,2021-08-09 18:45:29+00:00,[],Positive,['ADA'],6.04
102,https://cryptoslate.com/cardano-ada-sees-japan-listing-after-passing-strict-crypto-regulatory-checks/,Cardano (ADA) sees Japan listing after passing strict crypto regulatory checks,Cardano (ADA) just became one of the rare tokens that succeeded to receive approval to be listed on crypto exchanges in Japan. The post Cardano (ADA) sees Japan listing after passing strict crypto regulatory checks appeared first on CryptoSlate.,CryptoSlate,2021-08-08 08:01:14+00:00,['regulations'],Positive,['ADA'],6.11
103,https://www.newsbtc.com/news/cardano/cardano-listed-in-japan/,Cardano (ADA) Receives Approval To Be Listed In Japan,"Cardano (ADA) has recently secured another win in its long repertoire of wins lately. The native coin of Cardano, ADA, has now been approved to be listed in Japan, which features one of the hardest listing requirements in the world.",NewsBTC,2021-08-05 17:00:06+00:00,[],Positive,['ADA'],5.86
104,https://invezz.com/news/2021/08/04/cardano-ada-finally-receives-regulatory-approval-to-be-listed-in-japan/,Cardano (ADA) finally receives regulatory approval to be listed in Japan,"Japan is probably one of the first countries in the world to open its doors to cryptocurrencies to the extent that it did, and while many nations have gone more crypto-friendly since then, Japan still plays a major role in crypto history. However, that does not mean that Japan is not extremely strict when it […] The post Cardano (ADA) finally receives regulatory approval to be listed in Japan appeared first on Invezz.",Invezz,2021-08-04 12:15:38+00:00,['regulations'],Positive,['ADA'],5.66
105,https://www.cryptoglobe.com/latest/2021/08/cardano-ada-finally-gets-listed-in-japan/,Cardano ($ADA) Finally Gets Listed in Japan,"Earlier today, Sebastien Guillemot, CTO at dcSpark, as well as former Co-VP of Eng. & Cardano PM at EMURGO, said that $ADA has finally been approved for listing on a Japanese crypto exchange and explained why this is a big deal. According to Guillemot, it is not easy for cryptoassets to gain regulatory approval for […]",CryptoGlobe,2021-08-03 12:50:50+00:00,[],Positive,['ADA'],5.59
107,https://thecurrencyanalytics.com/blockchain/pos-of-cardano-ada-scaring-devil-out-of-pow-of-bitcoin-btc-in-china-27531.php,PoS of Cardano (ADA) Scaring Devil out of PoW of Bitcoin (BTC) in China,"Catch up on the latest crypto market news at The Currency Analytics. Charles Hoskinson, Cardano (ADA), in response to China advances its war on Bitcoin, cracks down on mining:  Remember, with a… The post PoS of Cardano (ADA) Scaring Devil out of PoW of Bitcoin (BTC) in China appeared first on Cryptocurrency News.",The Currency Analytics,2021-05-26 06:39:14+00:00,[],Neutral,"['ADA', 'BTC']",3.15
108,https://dailyhodl.com/2021/05/21/elite-group-of-seven-crypto-assets-have-insane-potential-according-to-trader-austin-arnold/,"Elite Group of Seven Crypto Assets Have ‘Insane Potential,' According to Trader Austin Arnold","Popular crypto trader Austin Arnold says seven altcoin crypto assets have tremendous potential to make gains in the near future. Arnold tells his 751,000 YouTube subscribers that he's excited about Cardano, citing news that Cardano's ERC20 converter is getting close to its testnet phase. “This is huge for Cardano… but this speaks even more so […] The post Elite Group of Seven Crypto Assets Have ‘Insane Potential,' According to Trader Austin Arnold appeared first on The Daily Hodl.",The Daily Hodl,2021-05-21 22:05:09+00:00,[],Positive,"['ADA', 'AVAX', 'DOT', 'KSM', 'MATIC', 'SUSHI', 'USDT']",4.21
109,https://beincrypto.com/canada-based-imining-launches-cardano-staking/,Canada-Based Crypto Company iMining Launches Cardano Staking,Vancouver-based iMining announced after extensive research and testing that they are set to launch a staking service for cardano (ADA). The post Canada-Based Crypto Company iMining Launches Cardano Staking appeared first on BeInCrypto.,BeInCrypto,2021-05-20 16:10:00+00:00,[],Neutral,['ADA'],5.95
110,https://u.today/billionaire-mark-cuban-becomes-cardano-curious-says-dallas-mavericks-would-be-happy-to-accept-it,"Billionaire Mark Cuban Becomes Cardano-Curious, Says Dallas Mavericks Would Be Happy to Accept It",Billionaire Mark Cuban is taking a deeper dive into crypto with Cardano,UToday,2021-05-16 10:56:00+00:00,[],Positive,['ADA'],5.78
111,https://cryptoslate.com/you-can-now-buy-luxury-condos-with-dogecoin-doge-and-cardano-ada-in-portugal/,You can now buy luxury condos with Dogecoin (DOGE) and Cardano (ADA) in Portugal,"Swiss crypto payments processor FNTX Capital Suisse has teamed up with Portuguese property developer 355 Developments, allowing customers to buy luxury condos with Bitcoin (BTC), Dogecoin (DOGE), Ethereum (ETH), and Cardano (ADA), it said in a release today. The post You can now buy luxury condos with Dogecoin (DOGE) and Cardano (ADA) in Portugal appeared first on CryptoSlate.",CryptoSlate,2021-05-13 10:00:41+00:00,[],Neutral,"['ADA', 'DOGE']",4.05
112,https://dailyhodl.com/2021/05/02/three-altcoins-with-life-changing-potential-are-blazing-toward-mass-adoption-says-trader-austin-arnold/,"Three Altcoins With Life-Changing Potential Are Blazing Toward Mass Adoption, Says Trader Austin Arnold","Crypto influencer and trader Austin Arnold is uncovering a list of three altcoins that have life-changing potential as they march toward mass adoption. In a new video, Arnold first spotlights Ethereum competitor Cardano (ADA), which has just locked in impressive partnerships in Ethiopia and Tanzania. Arnold notes that in Ethiopia the team behind Cardano, Input […] The post Three Altcoins With Life-Changing Potential Are Blazing Toward Mass Adoption, Says Trader Austin Arnold appeared first on The Daily Hodl.",The Daily Hodl,2021-05-02 15:10:07+00:00,[],Positive,"['ADA', 'LINK', 'MARK']",3.86
113,https://cryptopotato.com/university-of-zurich-adds-cardano-to-their-blockchain-curriculum-for-2021/,University of Zurich Adds Cardano to their Blockchain Curriculum for 2021,The University of Zurich will include a class on Cardano in its Deep Dive Into Blockchain 2021 curriculum.,CryptoPotato,2021-04-26 18:25:52+00:00,[],Positive,['ADA'],4.79
114,https://ambcrypto.com/fd7-ventures-launches-250m-micro-fund-in-india-for-cardano-polkadot-based-projects/,"FD7 Ventures launches $250M Micro-Fund in India for Cardano, Polkadot-based projects","A few days after FD7 Ventures, a Dubai-based crypto-investment fund, made news after it announced its decision to sell its Bitcoin holdings worth $750M to buy more Cardano and Polkadot, the fund is in the headlines again. According to a press release, FD7 Ventures has now launched a $250M Micro-Fund in India to invest in […]",AMBCrypto,2021-03-02 06:00:52+00:00,[],Positive,"['ADA', 'DOT']",3.51
115,https://cryptopotato.com/250m-fund-to-invest-in-polkadot-and-cardano-launched-in-india/,$250M Fund to Invest in Polkadot and Cardano Launched in India,Crypto investment fund opens an office in India and sets up a $250 million endeavor to invest in Cardano and Polkadot.,CryptoPotato,2021-03-01 11:36:44+00:00,[],Positive,"['ADA', 'DOT']",2.99
116,https://cryptoslate.com/a-litecoin-ltc-etp-just-launched-in-switzerland/,A Litecoin (LTC) ETP just launched in Switzerland,"Litecoin, the world's ninth-largest cryptocurrency by market cap, will soon see an institutional listing in the form of an exchange-traded product (ETP) in Switzerland, as per a press release by crypto investment firm CoinShares today. The post A Litecoin (LTC) ETP just launched in Switzerland appeared first on CryptoSlate.",CryptoSlate,2021-04-06 12:18:45+00:00,[],Positive,['LTC'],5.54
117,https://www.benzinga.com/markets/cryptocurrency/21/07/22137145/bitcoin-dogecoin-nfts-big-deal-at-tokyo-olympics-how-crypto-savvy-olympians-can-feel-right,"Bitcoin, Dogecoin, NFTs Big Deal At Tokyo Olympics: How Crypto-Savvy Olympians Can Feel Right At Home",The XXXII Tokyo Summer Olympics are special not only because they take place under such difficult circumstances but also because they are happening when our understanding of the definition of money and assets is changing. Here's why.,Benzinga,2021-07-24 13:05:07+00:00,['NFT'],Neutral,"['BTC', 'DOGE']",4.23
118,https://dailyhodl.com/2021/07/12/young-investors-taking-big-risks-to-own-bitcoin-and-dogecoin-according-to-new-uk-survey/,"Young Investors Taking Big Risks To Own Bitcoin and Dogecoin, According to New UK Survey","Young British investors are taking on large financial risks to get their hands on Bitcoin (BTC) and Dogecoin (DOGE), according to a new poll by market research firm Opinium. Opinium surveyed 1,000 UK citizens between 18 and 29 years old from June 21st to June 25th. The results of the survey show that Bitcoin is […] The post Young Investors Taking Big Risks To Own Bitcoin and Dogecoin, According to New UK Survey appeared first on The Daily Hodl.",The Daily Hodl,2021-07-12 07:15:37+00:00,[],Neutral,"['BTC', 'DOGE']",4.24
119,https://cryptopotato.com/doge-killer-and-shiba-inu-the-top-trending-coins-in-usa-last-week/,Doge Killer and Shiba Inu: The Top Trending Coins in USA Last Week,"While BTC and ETH rank 6th and 10th, CoinMarketCap data outlined Shiba Inu, Doge Killer, and other meme coins as the highest-trending tokens in the US.",CryptoPotato,2021-07-05 10:18:57+00:00,[],Neutral,"['DOGE', 'LEASH', 'SHIB']",4.0
122,https://www.dcforecasts.com/bitcoin-news/doge-and-btc-atms-are-coming-to-texas-h-e-b-supermarkets/,DOGE And BTC ATMs Are Coming To Texas H-E-B Supermarkets,DOGE and BTC ATMs are coming to the Texas grocery giant H-E-B supermarkets and many more will be installed in the near future so let's read more in our latest Dogecoin news today. Coin Cloud's 2000th BTC ATMs are coming to the H-E-B store and many more will be installed.,DCForecasts,2021-06-19 12:34:38+00:00,[],Positive,"['BTC', 'DOGE']",3.55
123,https://decrypt.co/74004/bitcoin-dogecoin-atms-texas-heb,Bitcoin and Dogecoin ATMs Coming to Texas Grocery Giant HEB,"Coin Cloud's 2,000th Bitcoin ATM is arriving to a H-E-B store. Many more will be installed in the Texas supermarket chain's outlets.",Decrypt,2021-06-18 20:47:54+00:00,[],Positive,"['BTC', 'DOGE']",4.81
124,https://cointelegraph.com/news/nifty-news-doge-nfts-much-wow-paris-hilton-is-an-nft-advisor-nft-game-raises-3m,"Nifty News: Doge NFTs much wow, Paris Hilton is an NFT advisor, NFT game raises $3M",The founder of Doge dropped a three-tiered series of NFTs and Paris Hilton becomes an NFT advisor.,Cointelegraph,2021-06-10 07:20:40+00:00,['NFT'],Neutral,['DOGE'],6.0
125,https://www.benzinga.com/markets/cryptocurrency/21/06/21487313/u-k-fintech-revolut-adds-support-for-dogecoin,UK Fintech Platform Revolut Adds Support For Dogecoin Due To High Demand From Users,What Happened: London-based Fintech company Revolut announced support for meme-based cryptocurrency Dogecoin on Tuesday.,Benzinga,2021-06-09 11:50:21+00:00,[],Positive,['DOGE'],6.7
126,https://cointelegraph.com/news/dogecoin-frenzy-forces-uk-fund-manager-to-offload-1-1-billion-bitcoin-stash,Dogecoin frenzy forces UK fund manager to offload $1.1 billion Bitcoin stash,"Ruffer revealed on Tuesday that it had sold its $600M position for $1.1B, citing concerns over excessive speculation across the cryptocurrency market.",Cointelegraph,2021-06-09 11:30:23+00:00,[],Neutral,"['BTC', 'DOGE']",4.42
127,https://www.cryptopolitan.com/san-jose-sharks-now-accept-doge-payment/,San Jose Sharks now accept doge payment,"TL;DR Breakdown American hockey announced it now accepts digital currencies including Doge Other sports organizations that have adopted crypto payment In another significant development for the cryptocurrency space, more sports organizations are announcing their digital currency adoption as San Jose Sharks becomes the latest sporting team to add support for several cryptocurrencies. Jonathan Becher, president […]",Cryptopolitan,2021-06-08 13:16:11+00:00,[],Positive,['DOGE'],5.98
129,https://cryptoslate.com/san-jose-sharks-accepts-doge-ethereum/,"NHL team San Jose Sharks to accept payments via Bitcoin, Dogecoin, and others","Famous NHL's San Jose Sharks has joined a list of very few sports teams globally that accept cryptocurrencies like Bitcoin, Dogecoin, and Ethereum for transactions, according to an announcement made by the club's President, Jonathan Becher. The post NHL team San Jose Sharks to accept payments via Bitcoin, Dogecoin, and others appeared first on CryptoSlate.",CryptoSlate,2021-06-08 22:01:13+00:00,[],Positive,"['BTC', 'DOGE']",4.54
131,https://decrypt.co/72968/san-jose-sharks-latest-team-accept-dogecoin-bitcoin,San Jose Sharks Latest Team to Accept Dogecoin and Bitcoin,It's part of a partnership with BitPay.,Decrypt,2021-06-07 21:03:47+00:00,[],Positive,"['BTC', 'DOGE']",4.81
132,https://www.benzinga.com/markets/cryptocurrency/21/05/21099004/dogecoin-millionaire-a-luxury-penthouse-is-waiting-in-portgual-to-be-snagged-with-your-coi,Dogecoin Millionaire? A Luxury Penthouse Is Waiting In Portugal To Be Snagged With Your Coins,"Cryptocurrency investors with Dogecoin (DOGE) to spare can now spend some of their Shiba Inu-themed coins to purchase luxury condos in Portugal, according to reports.",Benzinga,2021-05-17 13:20:00+00:00,[],Neutral,['DOGE'],6.21
133,https://cointelegraph.com/news/you-can-buy-condos-with-doge-in-portugal-as-crypto-real-estate-listings-soar,You can buy condos with DOGE in Portugal as crypto real estate listings soar,"You can now use Dogecoin to buy luxury apartments in Portugal, with a penthouse currently on sale for around 5 million DOGE, worth roughly $2.2 million.",Cointelegraph,2021-05-13 05:52:53+00:00,[],Positive,['DOGE'],6.18
135,https://cointelegraph.com/news/shanghai-man-vechain-on-tv-doge-flips-btc-hotbit-hack-blockchain-engineers-make,"Shanghai Man: VeChain on TV, DOGE flips BTC, Hotbit hack, blockchain dev $$$.","DOGE leading in volume and search hits, VeChain's blockchain solution on state run CGTN, and HOO launches a smart chain of its own",Cointelegraph,2021-05-06 23:31:58+00:00,[],Neutral,"['BTC', 'DOGE', 'VET']",4.38
136,https://cryptobriefing.com/is-kfc-canada-really-accepting-dogecoin-payments/,Is KFC Canada Really Accepting Dogecoin Payments?,"KFC Canada claims to accept Dogecoin, but there is no apparent way to pay with the coin.",Crypto Briefing,2021-05-05 20:37:58+00:00,[],Positive,['DOGE'],5.8
137,https://cryptoslate.com/dogecoin-volumes-in-korea-exceeded-those-of-its-entire-stock-market-yesterday/,Dogecoin volumes in Korea exceeded those of its entire stock market yesterday,"South Korean crypto exchanges processed more Dogecoin trades yesterday than the average volume of stocks traded on the country's traditional exchanges, data from multiple sources shows. The post Dogecoin volumes in Korea exceeded those of its entire stock market yesterday appeared first on CryptoSlate.",CryptoSlate,2021-05-05 16:00:25+00:00,[],Positive,['DOGE'],5.76
138,https://news.bitcoin.com/doge-taps-a-lifetime-price-high-mark-cuban-says-dallas-mavs-shop-wont-sell-its-dogecoin/,"DOGE Taps a Lifetime Price High, Mark Cuban Says Dallas Mavs Shop Won't Sell Its Dogecoin","This week a number of digital assets saw significant gains, but the meme-themed digital asset dogecoin has seen a significant rise during the last 48 hours. Dogecoin tapped a high of $0.143 per unit on Wednesday and has spiked more than 104% during the last week. Meanwhile, the billionaire investor and television personality, Mark Cuban, […]",Bitcoin,2021-04-15 04:30:56+00:00,[],Neutral,['DOGE'],5.93
139,https://cryptoslate.com/much-wow-dallas-mavericks-fans-bought-122k-of-merch-using-dogecoin/,"Much wow! Dallas Mavericks fans bought $122,000 of merch using Dogecoin","The billionaire owner of the Dallas Mavericks, Mark Cuban, tweeted his team had sold more than $122,000 worth of merch paid for in Dogecoin (DOGE). The post Much wow!",CryptoSlate,2021-04-15 04:00:05+00:00,[],Positive,['DOGE'],5.54
140,https://cryptopotato.com/doge-soars-80-to-new-ath-mark-cuban-says-dallas-mavs-will-never-sell-dogecoin/,DOGE Soars 80% To New ATH: Mark Cuban Says Dallas Mavs Will Never Sell Dogecoin,Dogecoin has reentered the top ten and marked a new ATH at $0.14 as celebrity adoption continues and the Mavs said they will keep every single DOGE received for payments.,CryptoPotato,2021-04-14 07:47:32+00:00,[],Positive,['DOGE'],5.24
141,https://www.altcoinbuzz.io/cryptocurrency-news/finance-and-funding/dallas-mavericks-accepts-dogecoin-mark-cuban-supports/,"Dallas Mavericks Accepts Dogecoin, Mark Cuban Supports","In an unexpected move, Mark Cuban's NBA team, the Dallas Mavericks, have announced its decision to start accepting Dogecoin as a means of payment for tickets and other club merchandise. In addition, Mark Cuban spoke of how he's having fun with Dogecoin during a recent interview. The Dallas Mavericks, via its official Twitter account, disclosed […] The post Dallas Mavericks Accepts Dogecoin, Mark Cuban Supports appeared first on Altcoin Buzz.",Altcoin Buzz,2021-03-12 00:29:13+00:00,[],Positive,['DOGE'],5.08
142,https://cryptoslate.com/dallas-mavericks-boss-mark-cuban-says-dogecoin-will-definitely-reach-1/,Dallas Mavericks boss Mark Cuban says Dogecoin will ‘definitely' reach $1,"The billionaire has taken a liking to cryptocurrencies and the DeFi space in recent times, and Dogecoin is now getting his attention. The post Dallas Mavericks boss Mark Cuban says Dogecoin will ‘definitely' reach $1 appeared first on CryptoSlate.",CryptoSlate,2021-03-08 13:00:30+00:00,[],Positive,['DOGE'],5.54
143,https://dailyhodl.com/2021/03/05/mark-cuban-says-dallas-mavericks-will-accept-dogecoin-heres-why/,Mark Cuban Says Dallas Mavericks Will Accept Dogecoin – Here's Why,"Dallas Mavericks owner Mark Cuban says the NBA team is now accepting Dogecoin (DOGE) as payment for game tickets and merchandise. The billionaire reveals in a statement why the franchise has decided to support the meme cryptocurrency. “The Mavericks have decided to accept Dogecoin as payment for Mavs tickets and merchandise for one very important, […] The post Mark Cuban Says Dallas Mavericks Will Accept Dogecoin – Here's Why appeared first on The Daily Hodl.",The Daily Hodl,2021-03-05 14:35:00+00:00,[],Positive,['DOGE'],6.11
144,https://cryptopotato.com/mark-cubans-dallas-mavericks-to-accept-dogecoin-payments/,Mark Cuban's Dallas Mavericks to Accept Dogecoin Payments,"Mark Cuban's Dallas Mavericks will accept Dogecoin payments for game tickets and merchandise on its online store via crypto payment service provider, BitPay.",CryptoPotato,2021-03-05 10:02:01+00:00,[],Neutral,['DOGE'],5.24
145,https://cryptodaily.co.uk/2021/03/Cuban-Dallas-Mavericks-accepting-Dogecoin-is-mistake,Cuban's Dallas Mavericks accepting Dogecoin is a mistake – Bitcoin is where the action is - Novogratz,"Mike Novogratz says that Mark Cuban is making a mistake by accepting Dogecoin for Dallas Mavericks tickets and merchandise, calling it a “joke” and adding that the emphasis should be on Bitcoin.  In an interview on Bloomberg TV, Novogratz, the CEO of Galaxy Digital, said that Bitcoin was where it was all happening, and that banks were “frantically” trying to get in on the leading cryptocurrency.",Crypto Daily,2021-03-05 13:12:43+00:00,[],Neutral,"['BTC', 'DOGE']",3.39
146,https://cointelegraph.com/news/much-wow-the-dallas-mavericks-to-accept-dogecoin-for-tickets-and-merch,Much wow! The Dallas Mavericks to accept Dogecoin for tickets and merch,"""We will HODL any we get,"" Mark Cuban told Cointelegraph.",Cointelegraph,2021-03-04 19:52:34+00:00,[],Positive,['DOGE'],6.28
147,https://coingape.com/mark-cubans-dallas-mavericks-becomes-first-nba-team-to-accept-dogecoin/,Mark Cuban's Dallas Mavericks Becomes First NBA Team to Accept Dogecoin,"Dallas Mavericks, the NBA team owned by billionaire Mark Cuban has become the first professional sports team to accept Dogecoin as a form of payment. The basketball team was already accepting Bitcoin and going by Cuban's word, the team did not receive any significant payment in Bitcoin.",Coingape,2021-03-04 17:54:30+00:00,[],Positive,['DOGE'],6.22
148,https://decrypt.co/60202/dallas-mavericks-now-accepting-dogecoin-payment,Dallas Mavericks Now Accepting Dogecoin as Payment,Mark Cuban has said that almost no one has paid the Mavericks in Bitcoin. So will anyone pay in Dogecoin?,Decrypt,2021-03-04 16:23:54+00:00,[],Positive,['DOGE'],6.17
149,https://cryptobriefing.com/mark-cubans-dallas-mavericks-will-accept-dogecoin/,Mark Cuban's Dallas Mavericks Will Accept Dogecoin,"NBA pro basketball team The Dallas Mavericks will soon accept Dogecoin as payment, according to DealBook. Jumping on the Doge-Wagon Shark Tank investor Mark Cuban, who in January jumped on the NFT bandwagon, reportedly told DealBook that his NBA team will accept DOGE as payments for tickets and merchandise.",Crypto Briefing,2021-03-04 21:57:12+00:00,[],Positive,['DOGE'],5.82
150,https://ambcrypto.com/mark-cubans-dallas-mavericks-will-now-accept-dogecoin-as-payment-for-tickets/,Mark Cuban's Dallas Mavericks will now accept Dogecoin as payment for tickets,Entrepreneur Mark Cuban who owns Dallas Mavericks has recently been bullish on matters of cryptocurrencies and blockchain. The Shark Tank host recently declared his fondness for the Ethereum Network and said that Bitcoin is better than gold.,AMBCrypto,2021-03-04 18:00:10+00:00,[],Positive,['DOGE'],5.76
151,https://cryptoticker.io/en/nba-team-dallas-mavericks-now-accepts-dogecoin/,"NBA Team, Dallas Mavericks, Now Accepts Dogecoin","In a seemingly unprecedented move, it seems the Dallas Mavericks will begin accepting DogeCoin as payment for tickets. Mark Cuba, the crypto-savvy entrepreneur is also the owner of the popular basketball team.",CryptoTicker,2021-03-04 23:14:37+00:00,[],Positive,['DOGE'],5.35
152,https://cryptobriefing.com/dogecoin-will-be-available-in-bitcoin-atms-across-america/,Dogecoin Will Be Available in Bitcoin ATMs Across America,"CoinFlip  announced  that it would add support for Dogecoin in a move to meet the market's demand. Much ATM for Dogecoin The largest Bitcoin ATM provider in the U.S. said that its network of over 1,800 terminals is ready for users to buy and sell DOGE “even in the most rural towns” of the nation.",Crypto Briefing,2021-03-02 13:44:48+00:00,[],Positive,['DOGE'],5.37
8328,,Dallas Mavericks Now Accepting Dogecoin as Payment,Mark Cuban has said that almost no one has paid the Mavericks in Bitcoin. So will anyone pay in Dogecoin?,Decrypt,2021-03-04 16:23:54+00:00,[],Positive,['DOGE'],6.17
34337,https://dailyhodl.com/2021/08/16/uk-detectives-seize-usb-stick-with-9-5-million-in-ethereum-in-alleged-crypto-scam/,UK Detectives Seize USB Stick With $9.5 Million in Ethereum in Alleged Crypto Scam,"Detectives in the United Kingdom have reportedly seized a USB stick with $9.5 million in Ethereum (ETH) that was believed to be stolen through an alleged crypto scam. In a statement, the Greater Manchester Police (GMP say that their specialist officers from the Economic Crime Unit retrieved the USB stick after tracking down two alleged […] The post UK Detectives Seize USB Stick With $9.5 Million in Ethereum in Alleged Crypto Scam appeared first on The Daily Hodl.",The Daily Hodl,2021-08-16 18:45:20+00:00,[],Negative,['ETH'],6.04
